{"cameraMode":{"drawMode":0,"name":"Shaded","section":"Shading Mode"},"sceneLighting":true,"audioPlay":false,"sceneViewState":{"showFog":true,"showMaterialUpdate":false,"showSkybox":true,"showFlares":true,"showImageEffects":true,"showParticleSystems":true},"in2DMode":false,"pivot":{"x":2.8274450302124025,"y":11.549463272094727,"z":16.139297485351564},"rotation":{"x":-0.0006029539508745074,"y":0.9747214913368225,"z":-0.22340768575668336,"w":-0.002630850998684764},"size":15.469768524169922,"orthographic":false}